AGS,ADMIN,Name_old,05.03.2020,06.03.2020,07.03.2020,08.03.2020,09.03.2020,10.03.2020,11.03.2020,12.03.20203,13.03.2020,14.03.2020,15.03.2020,16.03.2020,17.03.2020,18.03.2020,19.03.2020,20.03.2020,21.03.2020,22.03.2020,23.03.2020,24.03.2020,25.03.2020,26.03.2020,27.03.2020,28.03.2020,29.03.2020
7131,Ahrweiler (Landkreis),Ahrweiler ,0,0,0,0,0,0,0,0,0,3,3,3,14,17,18,24,31,37,44,48,51,56,58,61,63
9771,Aichach-Friedberg (Landkreis),Aichach-Friedberg ,1,1,1,1,1,1,1,2,2,2,9,9,10,12,16,24,31,31,39,39,47,55,79,90,106
8425,Alb-Donau-Kreis (Landkreis),Alb-Donau-Kreis ,2,2,2,3,3,3,3,6,8,8,11,12,13,26,35,43,57,57,64,67,99,121,164,197,197
16077,Altenburger Land (Landkreis),Altenburger Land ,0,0,0,0,0,0,0,0,0,2,2,3,4,4,5,5,5,5,7,8,16,17,17,18,19
7132,Altenkirchen (Westerwald) (Landkreis),Altenkirchen (Westerwald) ,0,0,0,0,0,0,0,0,0,1,1,2,3,8,11,13,13,17,17,17,25,31,35,39,39
15081,Altmarkkreis Salzwedel (Landkreis),Altmarkkreis Salzwedel ,0,0,0,0,0,0,0,0,1,1,1,1,1,3,3,3,3,6,6,8,9,10,10,12,12
9171,Altötting (Landkreis),Altötting ,0,0,0,0,0,0,0,0,0,0,0,0,0,5,7,15,18,18,27,44,52,64,81,95,101
7331,Alzey-Worms (Landkreis),Alzey-Worms ,0,0,0,0,0,0,0,0,0,2,2,8,8,23,24,41,48,55,55,55,60,63,70,75,80
9361,Amberg (Kreisfreie Stadt),Amberg ,0,0,0,0,0,0,0,0,0,0,1,1,1,2,2,2,2,2,5,5,6,7,7,7,9
9371,Amberg-Sulzbach (Landkreis),Amberg-Sulzbach ,0,1,1,3,3,3,3,3,3,4,7,7,7,15,15,17,18,18,27,27,31,36,44,47,56
3451,Ammerland (Landkreis),Ammerland ,1,1,1,1,1,1,1,1,1,7,7,7,7,11,14,17,20,21,24,33,36,44,50,56,64
15082,Anhalt-Bitterfeld (Landkreis),Anhalt-Bitterfeld ,0,0,0,0,0,0,0,1,1,2,2,2,6,6,6,8,9,12,13,16,17,26,27,30,30
9561,Ansbach (Kreisfreie Stadt),Ansbach ,0,0,0,0,0,0,0,0,0,0,0,1,1,1,1,5,5,5,7,7,7,10,20,21,23
9571,Ansbach (Landkreis),Ansbach ,0,0,0,0,0,0,0,0,0,0,0,2,3,3,3,13,21,34,40,47,47,49,100,100,120
9661,Aschaffenburg (Kreisfreie Stadt),Aschaffenburg ,0,0,0,0,0,1,1,1,1,1,6,6,6,20,20,20,20,22,26,28,30,31,32,36,42
9671,Aschaffenburg (Landkreis),Aschaffenburg ,0,0,0,0,0,0,1,1,1,2,3,3,3,23,23,26,31,40,49,50,65,65,77,90,103
9761,Augsburg (Kreisfreie Stadt),Augsburg ,2,2,3,4,4,4,4,4,5,5,11,11,11,22,30,34,43,46,52,59,75,90,108,130,136
9772,Augsburg (Landkreis),Augsburg ,0,0,0,0,1,5,17,27,27,27,31,35,35,35,41,53,54,68,78,88,100,122,143,152,164
3452,Aurich (Landkreis),Aurich ,0,0,0,0,0,0,1,1,1,3,12,12,16,17,22,27,27,31,31,31,34,41,48,48,49
7332,Bad Dürkheim (Landkreis),Bad Dürkheim ,1,1,1,3,3,3,4,4,6,7,13,15,18,19,35,48,56,72,83,99,110,111,117,136,146
9672,Bad Kissingen (Landkreis),Bad Kissingen ,0,1,1,1,1,1,1,3,3,3,3,3,7,7,9,10,14,17,27,27,32,35,37,54,63
7133,Bad Kreuznach (Landkreis),Bad Kreuznach ,0,0,0,0,0,0,0,1,1,1,13,13,23,23,25,30,42,44,46,53,57,64,72,77,90
9173,Bad Tölz-Wolfratshausen (Landkreis),Bad Tölz-Wolfratshausen ,0,0,0,0,0,0,0,1,2,5,6,10,10,11,11,21,31,38,49,63,74,75,120,126,135
8211,Baden-Baden (Stadtkreis),Baden-Baden ,0,0,0,1,1,1,1,2,3,3,4,5,7,12,14,19,21,23,27,33,36,36,39,47,64
9461,Bamberg (Kreisfreie Stadt),Bamberg ,0,0,0,0,0,0,0,0,0,0,3,4,4,9,11,21,25,26,30,30,34,39,55,65,67
9471,Bamberg (Landkreis),Bamberg ,0,0,0,0,0,0,0,0,1,4,7,9,9,10,16,41,41,41,48,53,75,107,138,151,161
12060,Barnim (Landkreis),Barnim ,0,0,0,0,0,0,0,2,2,4,8,10,11,11,20,21,29,37,38,40,46,50,56,61,65
14625,Bautzen (Landkreis),Bautzen ,0,0,0,1,4,4,4,7,12,12,14,19,19,24,36,48,55,56,86,88,101,112,114,141,156
9462,Bayreuth (Kreisfreie Stadt),Bayreuth ,0,0,0,0,0,0,0,0,0,0,1,1,1,1,3,7,7,7,7,7,9,19,53,56,56
9472,Bayreuth (Landkreis),Bayreuth ,2,2,2,2,2,2,4,4,4,5,6,6,6,6,9,13,21,23,26,38,56,60,85,101,101
9172,Berchtesgadener Land (Landkreis),Berchtesgadener Land ,0,0,0,0,0,0,0,0,0,4,4,4,9,9,13,19,25,28,31,39,41,48,60,64,68
6431,Bergstraße (Landkreis),Bergstraße ,1,1,1,1,1,2,3,3,6,13,15,19,21,25,31,37,47,68,73,84,96,104,123,141,156
11000,Berlin (Kreisfreie Stadt),Berlin ,9,15,19,28,40,48,58,90,137,174,263,283,332,383,519,688,868,1025,1071,1219,1425,1645,1937,2152,2337
7231,Bernkastel-Wittlich (Landkreis),Bernkastel-Wittlich ,0,0,0,0,0,0,0,1,3,3,4,4,6,7,9,16,18,21,23,24,31,32,38,45,49
8426,Biberach (Landkreis),Biberach ,0,0,1,3,3,3,3,3,4,11,12,12,12,38,45,55,55,55,73,74,111,154,187,200,212
5711,Bielefeld (Kreisfreie Stadt),Bielefeld ,0,0,0,0,0,0,2,5,15,19,25,27,28,43,49,57,72,81,93,98,104,120,132,142,146
7134,Birkenfeld (Landkreis),Birkenfeld ,0,0,0,0,0,0,0,0,0,0,0,0,0,2,2,5,5,15,17,17,19,20,25,31,33
8115,Böblingen (Landkreis),Böblingen ,1,1,3,3,3,3,4,4,4,7,9,9,9,66,66,105,125,182,239,255,318,351,398,450,473
5911,Bochum (Kreisfreie Stadt),Bochum ,1,1,2,3,3,4,5,5,8,20,24,24,26,26,39,61,81,120,141,143,158,167,180,194,219
8435,Bodenseekreis (Landkreis),Bodenseekreis ,1,3,4,4,4,4,5,8,12,18,31,33,35,48,66,75,75,89,89,100,131,170,172,186,192
5314,Bonn (Kreisfreie Stadt),Bonn ,1,1,1,1,1,6,7,13,17,23,28,37,55,64,69,75,103,120,133,157,166,180,218,222,241
15083,Börde (Landkreis),Börde ,0,0,0,0,0,0,2,2,2,3,4,11,13,16,22,25,29,30,36,40,41,44,44,50,50
5554,Borken (Kreis),Borken ,0,1,5,5,5,5,6,7,14,27,45,82,95,123,164,209,252,274,282,296,308,336,368,399,424
5512,Bottrop (Kreisfreie Stadt),Bottrop ,0,0,0,0,0,1,1,1,3,3,3,4,4,9,10,12,13,16,17,17,18,22,22,27,37
12051,Brandenburg an der Havel (Kreisfreie Stadt),Brandenburg an der Havel ,0,0,0,0,0,0,0,0,0,0,0,0,1,1,2,4,7,8,8,10,12,12,13,14,15
3101,Braunschweig (Kreisfreie Stadt),Braunschweig ,0,1,1,1,1,1,1,1,2,2,5,5,8,12,13,18,25,29,56,58,63,73,80,94,109
8315,Breisgau-Hochschwarzwald (Landkreis),Breisgau-Hochschwarzwald ,4,4,4,5,5,6,6,11,19,36,40,46,50,64,89,126,145,173,173,199,199,235,266,280,378
4011,Bremen (Kreisfreie Stadt),Bremen ,3,3,4,4,4,4,22,32,38,42,45,48,49,54,62,104,112,153,158,161,181,196,228,247,259
4012,Bremerhaven (Kreisfreie Stadt),Bremerhaven ,0,0,0,0,0,0,0,0,4,6,8,8,8,12,13,14,14,14,14,14,14,16,16,16,19
15084,Burgenlandkreis (Landkreis),Burgenlandkreis ,0,0,0,0,0,0,1,1,1,2,2,4,6,8,12,14,15,15,15,19,21,27,27,27,27
8235,Calw (Landkreis),Calw ,0,0,1,1,1,3,6,7,12,15,34,43,43,58,77,92,113,132,150,159,183,211,231,265,284
3351,Celle (Landkreis),Celle ,0,3,3,3,3,3,4,5,6,6,8,8,12,15,21,27,36,36,36,44,50,55,61,69,70
9372,Cham (Landkreis),Cham ,0,0,0,2,5,8,8,11,17,19,20,21,21,23,29,31,40,47,68,73,75,95,103,120,141
14511,Chemnitz (Kreisfreie Stadt),Chemnitz ,0,0,0,0,0,0,3,3,3,3,10,12,12,16,18,27,35,42,51,55,59,61,71,74,87
3453,Cloppenburg (Landkreis),Cloppenburg ,0,0,0,0,0,0,0,0,1,1,2,2,2,2,2,3,9,11,13,14,14,18,24,24,31
9463,Coburg (Kreisfreie Stadt),Coburg ,0,0,0,0,0,0,0,0,0,0,0,1,2,2,3,3,6,8,10,10,10,14,15,17,20
9473,Coburg (Landkreis),Coburg ,0,0,0,0,0,0,0,0,1,1,3,3,6,6,10,13,19,22,22,23,27,33,36,38,46
7135,Cochem-Zell (Landkreis),Cochem-Zell ,0,0,0,0,0,0,0,0,0,5,5,6,19,25,35,38,43,45,45,59,62,73,80,87,99
5558,Coesfeld (Kreis),Coesfeld ,1,13,13,16,16,21,21,22,30,39,47,50,53,70,85,93,127,152,152,166,182,207,232,264,293
12052,Cottbus (Kreisfreie Stadt),Cottbus ,0,0,0,0,0,0,3,3,3,8,13,15,16,17,20,20,20,22,24,27,28,28,29,29,30
3352,Cuxhaven (Landkreis),Cuxhaven ,1,1,2,2,2,3,3,3,4,5,5,5,5,13,22,28,28,32,34,38,39,39,46,49,53
9174,Dachau (Landkreis),Dachau ,0,0,0,0,3,3,3,5,6,7,10,10,18,18,35,55,63,63,105,111,128,174,220,249,249
12061,Dahme-Spreewald (Landkreis),Dahme-Spreewald ,0,0,0,0,0,0,0,0,1,1,1,3,6,6,16,18,21,25,25,27,31,34,41,59,60
6411,Darmstadt (Kreisfreie Stadt),Darmstadt ,0,0,0,0,0,0,0,0,0,0,2,6,6,11,11,16,21,23,26,27,27,33,38,48,58
6432,Darmstadt-Dieburg (Landkreis),Darmstadt-Dieburg ,0,0,0,0,0,0,1,1,1,4,5,6,10,14,18,26,62,63,73,73,82,99,114,128,148
9271,Deggendorf (Landkreis),Deggendorf ,0,0,0,0,0,0,1,1,1,1,6,10,10,21,22,27,35,45,52,59,61,76,90,100,111
3401,Delmenhorst (Kreisfreie Stadt),Delmenhorst ,0,1,1,1,1,1,1,1,1,5,5,5,5,5,5,8,8,8,8,8,12,13,16,17,17
15001,Dessau-Roßlau (Kreisfreie Stadt),Dessau-Roßlau ,0,0,0,0,0,0,0,0,0,1,1,1,2,3,4,5,9,10,11,12,15,16,20,20,20
3251,Diepholz (Landkreis),Diepholz ,0,0,0,0,0,0,0,0,3,11,21,21,25,35,37,47,63,75,75,90,100,102,111,117,126
9773,Dillingen a.d. Donau (Landkreis),Dillingen a.d. Donau ,0,0,0,0,0,0,0,0,0,0,0,0,0,0,1,1,6,8,8,17,17,17,26,29,33
9279,Dingolfing-Landau (Landkreis),Dingolfing-Landau ,0,0,0,0,1,1,1,3,5,7,8,13,13,14,17,18,22,31,35,40,41,53,61,75,77
1051,Dithmarschen (Kreis),Dithmarschen ,0,1,1,1,1,1,1,1,1,1,1,6,6,6,10,11,11,12,12,15,15,16,19,20,24
9779,Donau-Ries (Landkreis),Donau-Ries ,0,0,0,2,2,3,3,3,6,6,6,6,10,10,10,16,20,20,20,33,33,47,58,67,67
7333,Donnersbergkreis (Landkreis),Donnersbergkreis ,0,0,0,0,0,0,0,0,1,2,2,2,7,11,12,13,24,28,29,31,35,47,50,52,53
5913,Dortmund (Kreisfreie Stadt),Dortmund ,0,2,2,2,2,2,5,12,14,19,24,33,37,62,76,95,140,153,161,170,183,205,223,238,256
14612,Dresden (Kreisfreie Stadt),Dresden ,0,0,0,0,2,3,4,5,6,11,11,23,23,40,49,60,97,115,123,154,169,216,239,287,314
5112,Duisburg (Kreisfreie Stadt),Duisburg ,3,3,3,3,3,3,3,7,9,10,14,24,30,46,52,75,81,89,133,142,160,174,215,245,266
5358,Düren (Kreis),Düren ,2,4,4,4,4,5,6,7,15,16,23,24,46,54,74,74,111,127,142,150,152,168,190,209,232
5111,Düsseldorf (Kreisfreie Stadt),Düsseldorf ,1,1,3,4,4,4,5,6,16,16,23,54,54,130,159,198,207,207,249,249,270,289,319,342,342
9175,Ebersberg (Landkreis),Ebersberg ,1,1,4,7,7,11,13,13,13,19,21,22,27,29,34,39,42,52,52,52,72,88,117,133,150
16061,Eichsfeld (Landkreis),Eichsfeld ,0,0,0,0,0,0,0,0,0,0,1,2,3,3,3,4,7,8,16,18,23,31,39,41,45
9176,Eichstätt (Landkreis),Eichstätt ,0,0,0,0,0,0,0,0,0,1,2,2,2,3,6,6,13,24,24,30,32,38,47,53,53
7232,Eifelkreis Bitburg-Prüm (Landkreis),Eifelkreis Bitburg-Prüm ,0,0,0,0,1,1,1,1,1,4,6,12,16,21,21,29,32,39,44,48,56,61,62,78,88
16056,Eisenach (Kreisfreie Stadt),Eisenach ,0,0,0,0,0,0,0,0,1,1,1,1,1,1,1,1,1,1,1,1,1,1,3,3,4
12062,Elbe-Elster (Landkreis),Elbe-Elster ,0,0,0,0,0,0,3,3,3,5,5,6,6,6,6,7,8,8,8,8,16,16,17,27,27
3402,Emden (Kreisfreie Stadt),Emden ,0,0,0,0,0,0,0,0,3,3,3,3,4,4,7,7,7,8,8,8,8,9,9,7,9
8316,Emmendingen (Landkreis),Emmendingen ,0,1,1,3,12,13,13,15,17,21,21,36,43,60,69,100,110,122,123,141,154,171,178,191,233
3454,Emsland (Landkreis),Emsland ,0,0,0,0,0,0,1,1,3,4,10,10,31,36,43,51,56,63,64,67,78,93,102,114,136
5954,Ennepe-Ruhr-Kreis (Kreis),Ennepe-Ruhr-Kreis ,0,0,0,0,0,0,1,1,3,13,16,17,21,32,38,45,52,61,75,83,92,97,108,119,151
8236,Enzkreis (Landkreis),Enzkreis ,0,0,0,1,1,1,1,2,5,5,9,9,9,11,12,21,30,33,34,41,46,55,58,58,77
9177,Erding (Landkreis),Erding ,1,1,1,2,2,2,2,3,3,10,11,11,28,28,31,54,70,70,109,129,143,178,210,213,245
16051,Erfurt (Kreisfreie Stadt),Erfurt ,0,0,0,1,1,1,1,2,2,3,3,10,16,16,16,18,27,27,28,44,53,57,62,72,72
9562,Erlangen (Kreisfreie Stadt),Erlangen ,0,4,4,4,4,4,11,11,11,11,11,12,12,13,13,16,20,20,20,30,38,42,52,66,77
9572,Erlangen-Höchstadt (Landkreis),Erlangen-Höchstadt ,1,1,2,2,2,2,2,2,2,4,4,5,7,7,9,14,21,21,25,30,39,42,52,48,56
14521,Erzgebirgskreis (Landkreis),Erzgebirgskreis ,0,0,0,0,0,0,0,0,0,2,2,2,2,11,15,27,29,33,50,55,57,59,65,76,96
5113,Essen (Kreisfreie Stadt),Essen ,2,5,5,5,5,5,6,9,12,20,51,54,85,113,129,154,164,197,218,228,239,274,288,298,360
8116,Esslingen (Landkreis),Esslingen ,5,13,14,16,16,18,23,40,47,65,82,119,123,206,206,234,360,360,362,435,462,493,596,648,705
5366,Euskirchen (Kreis),Euskirchen ,0,0,1,1,1,2,2,2,4,6,12,12,13,13,28,37,51,51,51,53,64,68,92,92,101
1001,Flensburg (Kreisfreie Stadt),Flensburg ,0,0,0,0,0,0,0,0,1,1,4,6,7,7,8,10,13,15,15,15,16,18,21,21,21
9474,Forchheim (Landkreis),Forchheim ,0,0,0,0,0,0,0,0,1,4,4,4,4,8,8,14,18,19,19,25,40,45,59,73,73
7311,Frankenthal (Pfalz) (Kreisfreie Stadt),Frankenthal (Pfalz) ,0,0,0,0,0,0,0,0,0,1,1,1,1,1,3,8,9,11,11,11,12,12,16,18,18
12053,Frankfurt (Oder) (Kreisfreie Stadt),Frankfurt (Oder) ,0,0,0,0,0,1,1,1,1,1,1,1,2,2,2,3,3,5,5,5,5,6,6,6,6
6412,Frankfurt am Main (Kreisfreie Stadt),Frankfurt am Main ,4,4,4,4,4,6,6,9,15,21,21,21,21,51,83,95,122,148,148,164,196,212,237,237,330
8311,Freiburg im Breisgau (Stadtkreis),Freiburg im Breisgau ,6,8,8,8,8,12,12,15,18,34,38,53,53,64,86,121,158,195,195,226,230,248,285,333,386
9178,Freising (Landkreis),Freising ,14,17,20,22,28,31,51,51,56,56,73,74,87,93,122,145,164,174,218,229,252,296,326,360,397
8237,Freudenstadt (Landkreis),Freudenstadt ,0,0,0,0,0,0,1,1,2,2,3,10,10,12,14,14,16,33,65,65,72,75,116,125,149
9272,Freyung-Grafenau (Landkreis),Freyung-Grafenau ,0,0,0,0,0,0,0,0,0,0,0,4,5,7,8,8,8,10,10,20,20,37,37,39,62
3455,Friesland (Landkreis),Friesland ,0,0,0,0,0,0,2,2,2,2,2,2,3,3,3,3,3,5,6,6,7,7,8,9,10
6631,Fulda (Landkreis),Fulda ,0,0,0,0,0,2,2,5,5,16,16,29,43,43,43,71,73,77,91,91,103,110,115,123,134
9179,Fürstenfeldbruck (Landkreis),Fürstenfeldbruck ,0,0,0,0,0,3,4,4,6,6,15,18,22,22,23,24,36,51,51,51,94,110,250,275,275
9563,Fürth (Kreisfreie Stadt),Fürth ,0,0,0,0,0,0,5,5,6,6,7,8,9,9,10,12,16,17,22,24,25,29,37,44,52
9573,Fürth (Landkreis),Fürth ,0,0,0,0,0,0,2,2,2,2,3,3,3,3,3,4,7,14,18,19,22,28,47,65,73
9180,Garmisch-Partenkirchen (Landkreis),Garmisch-Partenkirchen ,0,0,0,0,1,1,1,2,2,2,3,3,3,14,20,20,38,42,42,43,46,70,79,89,89
5513,Gelsenkirchen (Kreisfreie Stadt),Gelsenkirchen ,0,1,3,3,3,3,4,4,5,9,10,12,13,18,35,38,41,41,45,50,55,61,64,82,86
16052,Gera (Kreisfreie Stadt),Gera ,0,0,0,0,0,0,0,1,1,1,1,1,1,1,4,5,5,5,5,7,7,7,8,14,18
7334,Germersheim (Landkreis),Germersheim ,1,1,1,1,1,1,1,1,2,4,4,4,8,10,20,24,27,27,27,27,37,42,45,51,56
6531,Gießen (Landkreis),Gießen ,2,2,3,3,3,3,4,4,7,7,8,13,17,17,29,47,56,58,64,74,82,91,100,112,112
3151,Gifhorn (Landkreis),Gifhorn ,0,0,0,0,0,0,0,0,0,5,7,7,16,20,23,26,32,34,34,37,39,43,48,53,62
8117,Göppingen (Landkreis),Göppingen ,2,2,2,3,3,3,4,4,21,32,32,57,61,64,81,101,110,110,185,193,204,237,264,298,331
14626,Görlitz (Landkreis),Görlitz ,0,0,0,0,0,1,2,2,5,6,6,7,7,9,10,15,18,28,28,29,30,33,35,59,62
3153,Goslar (Landkreis),Goslar ,0,0,0,0,0,0,0,0,0,0,5,5,7,7,14,14,18,18,21,22,24,31,40,46,51
16067,Gotha (Landkreis),Gotha ,0,0,0,0,0,0,0,0,0,0,1,1,1,1,1,5,7,7,9,14,17,17,17,20,20
3159,Göttingen (Landkreis),Göttingen ,0,0,0,0,0,0,0,0,0,3,4,4,14,19,32,45,51,61,70,75,83,94,115,127,142
3456,Grafschaft Bentheim (Landkreis),Grafschaft Bentheim ,1,1,1,1,1,1,1,1,1,3,5,5,5,11,15,23,23,29,29,29,35,44,52,62,82
16076,Greiz (Landkreis),Greiz ,0,0,0,0,0,0,0,0,0,0,0,0,3,3,7,15,29,30,36,45,51,58,89,103,111
6433,Groß-Gerau (Landkreis),Groß-Gerau ,1,1,1,1,1,1,1,2,2,3,8,10,10,12,21,25,48,57,85,87,103,120,135,137,151
9774,Günzburg (Landkreis),Günzburg ,0,0,0,0,0,0,0,0,0,0,3,3,3,3,3,11,11,14,25,26,30,37,54,77,77
5754,Gütersloh (Kreis),Gütersloh ,0,1,1,1,1,1,5,5,15,27,45,45,80,91,134,157,179,202,219,224,254,277,315,335,356
5914,Hagen (Kreisfreie Stadt),Hagen ,0,0,0,0,0,1,3,3,3,3,3,6,6,8,21,28,28,31,42,43,49,52,56,56,62
15002,Halle (Saale) (Kreisfreie Stadt),Halle (Saale) ,0,0,0,0,0,1,2,5,9,9,12,12,19,27,38,50,57,68,78,80,85,91,104,113,137
2000,Hamburg (Kreisfreie Stadt),Hamburg ,5,6,11,13,17,22,35,54,88,123,158,196,260,312,414,506,664,768,887,1043,1237,1450,1614,1759,1935
3252,Hameln-Pyrmont (Landkreis),Hameln-Pyrmont ,0,0,0,0,0,0,0,1,1,2,3,3,7,9,13,19,23,26,27,28,28,32,38,44,60
5915,Hamm (Kreisfreie Stadt),Hamm ,0,0,0,0,0,0,0,0,2,2,7,8,8,19,27,52,60,74,85,90,93,109,114,117,142
3353,Harburg (Landkreis),Harburg ,0,0,0,0,0,3,3,3,5,11,11,11,11,18,39,48,62,74,87,87,95,114,126,134,149
15085,Harz (Landkreis),Harz ,0,0,0,0,0,0,0,1,1,2,4,4,6,7,7,11,12,14,14,23,24,29,38,49,52
9674,Haßberge (Landkreis),Haßberge ,0,0,0,0,0,0,0,0,0,4,6,6,8,8,9,9,14,15,17,20,24,30,34,36,42
12063,Havelland (Landkreis),Havelland ,0,0,1,1,1,2,2,2,3,3,3,3,4,6,8,8,10,10,18,21,21,26,29,38,42
3358,Heidekreis (Landkreis),Heidekreis ,0,0,0,0,0,0,0,0,0,1,1,1,1,1,2,4,4,5,6,7,10,10,15,21,21
8221,Heidelberg (Stadtkreis),Heidelberg ,2,2,2,5,5,5,5,5,9,13,21,22,34,41,47,57,66,80,104,108,111,118,122,133,143
8135,Heidenheim (Landkreis),Heidenheim ,1,1,1,3,3,3,3,3,8,14,19,21,21,31,37,40,50,59,62,62,79,129,163,169,172
8125,Heilbronn (Landkreis),Heilbronn ,10,10,14,20,20,26,26,30,32,38,38,47,50,57,113,113,135,140,187,197,212,236,279,331,342
8121,Heilbronn (Stadtkreis),Heilbronn ,2,2,3,3,3,3,3,3,3,3,4,4,4,9,13,19,20,20,28,55,60,71,81,104,122
5370,Heinsberg (Kreis),Heinsberg ,114,197,214,283,300,323,365,403,483,558,589,663,690,755,811,890,916,916,964,1011,1043,1067,1153,1153,1202
3154,Helmstedt (Landkreis),Helmstedt ,0,0,0,0,0,0,0,0,0,2,2,2,2,2,5,9,9,16,18,18,24,26,39,45,45
5758,Herford (Kreis),Herford ,0,0,2,2,2,2,2,4,5,19,22,26,26,36,52,72,84,95,97,99,104,117,122,133,138
5916,Herne (Kreisfreie Stadt),Herne ,0,0,0,0,0,0,2,2,4,4,5,8,8,8,13,13,16,23,23,27,27,41,42,45,51
6632,Hersfeld-Rotenburg (Landkreis),Hersfeld-Rotenburg ,0,0,0,0,0,0,0,0,6,6,6,12,12,15,17,20,29,30,31,33,33,36,39,44,53
1053,Herzogtum Lauenburg (Kreis),Herzogtum Lauenburg ,1,1,1,1,2,2,2,3,3,5,5,12,12,13,19,21,24,24,36,39,51,52,56,71,80
16069,Hildburghausen (Landkreis),Hildburghausen ,0,0,0,0,0,0,0,0,0,0,0,0,0,0,0,0,0,1,1,1,2,3,6,6,7
3254,Hildesheim (Landkreis),Hildesheim ,0,0,0,2,2,2,3,3,3,3,14,31,31,44,66,84,89,97,97,100,114,123,144,152,152
5958,Hochsauerlandkreis (Kreis),Hochsauerlandkreis ,0,0,0,0,0,0,1,1,13,25,25,31,49,80,82,82,85,116,131,149,160,166,173,203,229
6434,Hochtaunuskreis (Landkreis),Hochtaunuskreis ,1,1,2,2,2,2,3,3,4,5,7,9,18,20,28,40,52,52,67,72,76,88,108,111,129
9464,Hof (Kreisfreie Stadt),Hof ,0,0,0,0,0,0,0,0,1,1,1,2,4,4,5,9,9,10,11,11,11,15,19,23,24
9475,Hof (Landkreis),Hof ,0,0,0,1,1,1,1,1,1,1,2,5,6,7,7,13,17,40,46,51,66,70,75,85,118
8126,Hohenlohekreis (Landkreis),Hohenlohekreis ,0,1,1,1,1,2,2,6,9,25,29,54,54,151,167,178,182,222,222,257,278,278,302,350,404
3255,Holzminden (Landkreis),Holzminden ,0,0,0,0,0,0,0,0,1,1,1,1,9,13,14,19,23,27,27,29,30,36,39,44,47
5762,Höxter (Kreis),Höxter ,0,0,0,0,0,0,0,0,0,0,2,2,2,4,7,12,16,20,21,21,22,29,34,49,55
16070,Ilm-Kreis (Landkreis),Ilm-Kreis ,0,0,0,0,0,0,0,1,1,1,1,1,1,2,3,4,5,7,11,13,20,24,30,43,51
9161,Ingolstadt (Kreisfreie Stadt),Ingolstadt ,0,0,0,1,1,1,1,1,1,1,1,3,3,3,3,4,4,5,5,12,14,27,29,46,76
16053,Jena (Kreisfreie Stadt),Jena ,0,0,0,0,0,0,0,0,0,2,8,9,12,20,30,45,55,55,77,90,93,94,102,110,114
15086,Jerichower Land (Landkreis),Jerichower Land ,0,0,0,0,0,0,0,0,0,1,1,1,1,1,3,3,6,6,6,7,10,13,16,16,16
7312,Kaiserslautern (Kreisfreie Stadt),Kaiserslautern ,3,3,4,4,4,4,4,4,5,6,9,9,9,9,11,13,13,19,24,30,36,46,48,53,53
7335,Kaiserslautern (Landkreis),Kaiserslautern ,0,0,0,0,0,2,3,3,3,3,5,5,11,13,13,13,20,28,36,41,48,52,54,59,61
8215,Karlsruhe (Landkreis),Karlsruhe ,0,1,2,4,4,5,9,13,16,16,29,29,43,56,77,99,151,171,186,188,203,227,252,282,308
8212,Karlsruhe (Stadtkreis),Karlsruhe ,1,1,1,3,3,3,3,3,8,8,14,14,25,31,43,55,57,60,71,80,94,106,111,131,144
6611,Kassel (Kreisfreie Stadt),Kassel ,0,0,0,0,0,0,0,0,3,9,10,10,10,15,26,34,38,43,43,43,46,53,62,67,75
6633,Kassel (Landkreis),Kassel ,0,0,0,0,0,1,1,2,3,5,11,12,12,18,27,32,38,39,44,44,46,51,61,74,77
9762,Kaufbeuren (Kreisfreie Stadt),Kaufbeuren ,0,0,0,0,0,0,0,0,0,1,1,2,5,5,5,5,7,7,7,7,8,11,15,16,18
9273,Kelheim (Landkreis),Kelheim ,0,0,0,0,1,2,2,3,3,3,3,6,6,6,14,22,26,36,42,50,56,62,76,89,101
9763,Kempten (Allgäu) (Kreisfreie Stadt),Kempten (Allgäu) ,0,0,0,0,0,0,0,0,0,0,0,4,4,4,4,4,4,4,4,4,24,28,30,34,38
1002,Kiel (Kreisfreie Stadt),Kiel ,0,0,0,0,0,0,0,6,7,11,12,13,17,18,25,34,36,37,41,51,51,63,66,74,74
9675,Kitzingen (Landkreis),Kitzingen ,0,0,0,0,0,0,0,1,1,1,4,5,5,5,9,10,11,11,13,13,14,18,18,23,29
5154,Kleve (Kreis),Kleve ,0,0,0,0,0,0,0,2,7,10,10,36,42,70,74,83,111,111,121,131,142,162,179,211,211
7111,Koblenz (Kreisfreie Stadt),Koblenz ,0,0,0,1,3,5,5,5,6,8,8,8,21,27,36,42,51,60,67,75,95,109,122,127,138
5315,Köln (Kreisfreie Stadt),Köln ,12,15,18,29,29,33,33,43,65,123,180,244,301,384,478,586,679,773,817,857,921,1002,1075,1161,1249
8335,Konstanz (Landkreis),Konstanz ,0,0,0,1,1,1,1,2,10,23,28,28,36,45,45,62,69,84,84,91,95,110,118,136,145
5114,Krefeld (Kreisfreie Stadt),Krefeld ,0,0,0,0,0,0,0,0,10,10,21,35,36,43,54,62,73,84,92,92,97,117,138,147,185
9476,Kronach (Landkreis),Kronach ,0,0,0,0,0,0,0,0,0,0,2,2,3,3,4,4,4,12,13,16,26,27,34,46,46
9477,Kulmbach (Landkreis),Kulmbach ,0,0,0,0,0,0,0,0,0,0,1,1,1,1,12,12,12,21,21,33,33,42,52,69,69
7336,Kusel (Landkreis),Kusel ,0,0,0,0,0,0,0,0,0,1,13,13,14,14,18,18,18,19,21,23,25,30,31,35,35
16065,Kyffhäuserkreis (Landkreis),Kyffhäuserkreis ,0,0,0,0,0,2,2,2,5,6,6,6,8,8,8,8,10,12,12,12,12,15,17,19,19
6532,Lahn-Dill-Kreis (Landkreis),Lahn-Dill-Kreis ,2,2,2,2,2,4,4,4,5,5,9,10,18,21,21,23,66,87,87,87,87,96,110,138,138
7313,Landau in der Pfalz (Kreisfreie Stadt),Landau in der Pfalz ,0,0,0,0,0,0,0,0,0,0,0,0,1,2,2,4,4,6,8,8,18,18,19,29,32
9181,Landsberg am Lech (Landkreis),Landsberg am Lech ,0,0,0,0,0,2,2,2,3,3,3,4,5,10,14,14,18,24,44,48,51,55,98,109,110
9261,Landshut (Kreisfreie Stadt),Landshut ,0,0,0,0,0,0,0,0,0,1,1,4,4,4,4,12,24,24,32,38,38,42,45,81,81
9274,Landshut (Landkreis),Landshut ,0,0,0,0,0,0,1,1,1,2,12,25,25,25,29,36,73,73,118,121,121,174,226,200,206
3457,Leer (Landkreis),Leer ,1,1,1,1,1,1,1,1,1,1,1,3,3,7,10,12,12,13,14,14,17,20,25,28,33
14713,Leipzig (Kreisfreie Stadt),Leipzig ,0,0,1,1,2,2,4,4,6,16,19,31,41,71,72,94,119,129,144,161,181,204,218,242,270
14729,Leipzig (Landkreis),Leipzig ,0,0,0,1,1,4,4,4,8,11,11,17,17,17,25,28,33,39,39,45,50,59,68,72,77
5316,Leverkusen (Kreisfreie Stadt),Leverkusen ,0,0,0,0,0,0,0,2,3,5,5,5,20,21,31,31,40,45,48,48,58,65,74,82,88
9478,Lichtenfels (Landkreis),Lichtenfels ,0,0,0,0,0,0,0,0,0,0,1,1,1,3,5,5,7,7,20,21,25,27,46,54,57
6533,Limburg-Weilburg (Landkreis),Limburg-Weilburg ,0,0,0,0,0,0,0,0,0,0,1,1,4,8,12,36,45,57,58,68,99,111,115,137,147
9776,Lindau (Bodensee) (Landkreis),Lindau (Bodensee) ,2,2,2,4,4,5,5,6,6,8,12,12,19,19,21,23,35,51,51,51,53,67,80,93,100
5766,Lippe (Kreis),Lippe ,0,1,1,1,1,1,11,19,31,36,47,47,55,87,107,112,133,138,158,170,188,204,230,261,278
8336,Lörrach (Landkreis),Lörrach ,1,1,1,1,1,1,1,1,5,10,13,15,19,27,49,63,81,95,99,117,137,153,163,170,207
1003,Lübeck (Kreisfreie Stadt),Lübeck ,1,1,1,2,2,2,2,7,7,8,9,10,11,11,18,19,43,53,56,57,63,63,63,67,69
3354,Lüchow-Dannenberg (Landkreis),Lüchow-Dannenberg ,0,0,0,0,0,0,0,0,0,0,0,0,0,0,0,1,6,6,6,6,6,7,7,9,9
8118,Ludwigsburg (Landkreis),Ludwigsburg ,3,3,5,7,7,8,11,12,18,24,39,39,39,87,112,126,175,190,236,282,351,418,507,594,642
7314,Ludwigshafen am Rhein (Kreisfreie Stadt),Ludwigshafen am Rhein ,0,0,0,0,0,0,0,0,1,1,1,1,3,9,10,12,13,17,17,20,25,35,48,52,54
13076,Ludwigslust-Parchim (Landkreis),Ludwigslust-Parchim ,0,0,0,0,0,0,0,0,0,0,1,1,2,2,3,13,18,18,19,24,27,27,28,31,37
3355,Lüneburg (Landkreis),Lüneburg ,0,0,0,0,0,0,0,0,1,1,3,3,6,26,42,45,53,54,61,61,65,69,71,75,82
15003,Magdeburg (Kreisfreie Stadt),Magdeburg ,0,0,0,0,0,0,1,3,6,7,11,11,16,20,27,29,39,39,39,50,56,57,65,71,71
6435,Main-Kinzig-Kreis (Landkreis),Main-Kinzig-Kreis ,1,1,1,1,1,1,1,1,11,12,21,25,28,33,40,55,64,70,73,76,81,100,106,120,148
9677,Main-Spessart (Landkreis),Main-Spessart ,0,0,0,0,0,1,1,1,1,1,5,5,5,8,8,9,11,12,14,15,21,32,38,41,51
8128,Main-Tauber-Kreis (Landkreis),Main-Tauber-Kreis ,1,1,2,23,23,24,24,25,31,32,33,33,33,34,36,39,43,57,58,60,63,70,78,97,119
6436,Main-Taunus-Kreis (Landkreis),Main-Taunus-Kreis ,0,0,0,0,0,0,2,3,3,8,12,14,14,16,18,28,40,54,55,67,84,92,101,114,114
7315,Mainz (Kreisfreie Stadt),Mainz ,1,1,1,1,2,2,2,3,4,11,11,16,19,28,35,45,55,62,81,82,90,99,115,125,144
7339,Mainz-Bingen (Landkreis),Mainz-Bingen ,0,1,1,1,1,1,2,3,3,10,18,18,18,20,24,30,37,47,54,57,65,76,84,91,103
8222,Mannheim (Stadtkreis),Mannheim ,4,4,5,7,7,9,9,13,14,28,37,44,64,72,79,88,102,116,128,147,157,168,179,196,196
15087,Mansfeld-Südharz (Landkreis),Mansfeld-Südharz ,0,0,0,0,0,0,0,1,1,1,1,1,1,2,3,4,5,8,10,14,14,16,16,16,16
6534,Marburg-Biedenkopf (Landkreis),Marburg-Biedenkopf ,0,0,0,0,0,0,3,3,7,7,10,23,28,34,35,43,44,56,56,65,75,78,94,110,110
5962,Märkischer Kreis (Kreis),Märkischer Kreis ,1,3,5,5,5,6,6,7,10,13,13,18,18,27,29,31,33,38,38,44,47,51,70,81,89
12064,Märkisch-Oderland (Landkreis),Märkisch-Oderland ,0,0,0,0,0,0,2,2,3,5,5,13,13,13,26,29,40,41,41,47,47,62,69,70,71
7137,Mayen-Koblenz (Landkreis),Mayen-Koblenz ,0,2,2,2,2,2,4,4,4,7,11,13,46,62,90,102,108,120,126,151,159,165,176,178,190
13071,Mecklenburgische Seenplatte (Landkreis),Mecklenburgische Seenplatte ,1,1,1,2,4,4,5,6,6,7,7,7,9,13,19,20,23,26,28,30,36,40,41,46,56
14627,Meißen (Landkreis),Meißen ,0,0,0,0,0,0,0,3,3,5,9,9,9,11,12,17,18,21,25,26,34,38,42,52,60
9764,Memmingen (Kreisfreie Stadt),Memmingen ,0,0,0,0,0,0,0,0,0,0,1,1,1,3,5,8,9,14,15,15,17,21,23,26,26
10042,Merzig-Wadern (Landkreis),Merzig-Wadern ,0,0,0,0,0,1,1,3,4,4,4,6,8,10,11,14,15,19,20,24,25,30,37,37,45
5158,Mettmann (Kreis),Mettmann ,1,1,2,2,2,2,8,11,16,19,31,31,44,62,87,101,154,179,197,202,232,248,271,284,305
9182,Miesbach (Landkreis),Miesbach ,2,2,3,4,4,5,5,6,6,13,13,15,15,32,44,57,58,61,108,156,171,185,217,240,268
9676,Miltenberg (Landkreis),Miltenberg ,0,0,0,0,0,0,0,0,0,0,4,4,4,5,15,25,25,41,47,47,50,60,72,79,92
5770,Minden-Lübbecke (Kreis),Minden-Lübbecke ,0,0,1,1,1,1,5,9,14,18,47,55,73,87,98,118,140,153,153,166,184,207,223,241,246
14522,Mittelsachsen (Landkreis),Mittelsachsen ,0,0,0,0,0,0,0,0,0,0,3,3,3,6,13,17,24,24,24,35,44,51,61,68,83
5116,Mönchengladbach (Kreisfreie Stadt),Mönchengladbach ,3,3,5,7,7,7,8,8,17,28,35,36,37,44,46,51,72,100,104,109,119,124,135,151,168
9183,Mühldorf a. Inn (Landkreis),Mühldorf a. Inn ,0,0,0,0,0,0,0,0,0,0,0,0,0,1,10,10,16,20,38,41,56,67,77,93,125
5117,Mülheim an der Ruhr (Kreisfreie Stadt),Mülheim an der Ruhr ,0,0,0,0,0,0,0,0,5,9,9,9,12,16,21,30,36,36,42,42,43,45,52,55,62
9162,München (Kreisfreie Stadt),München ,15,16,26,26,57,61,62,65,98,149,201,242,260,359,509,676,878,1042,1042,1316,1381,1576,1687,1845,2080
9184,München (Landkreis),München ,0,3,3,7,7,14,14,15,25,32,32,38,75,75,103,134,200,219,246,279,327,373,429,462,539
5515,Münster (Kreisfreie Stadt),Münster ,2,4,4,4,4,5,6,8,20,29,43,57,90,103,135,173,219,243,266,279,305,352,371,414,443
8225,Neckar-Odenwald-Kreis (Landkreis),Neckar-Odenwald-Kreis ,0,0,1,1,1,1,2,2,3,7,7,10,10,13,19,24,30,35,39,39,45,50,63,72,80
9185,Neuburg-Schrobenhausen (Landkreis),Neuburg-Schrobenhausen ,0,0,0,0,0,0,0,0,0,0,0,3,3,3,9,9,22,28,28,32,40,44,56,59,62
9373,Neumarkt i.d. OPf. (Landkreis),Neumarkt i.d. OPf. ,0,0,0,0,0,0,2,2,2,2,5,5,5,11,17,18,18,18,18,18,35,43,43,43,69
1004,Neumünster (Kreisfreie Stadt),Neumünster ,0,0,0,0,0,0,0,0,0,0,0,0,1,1,3,3,7,7,7,10,11,12,13,15,15
10043,Neunkirchen (Landkreis),Neunkirchen ,0,0,0,0,0,1,1,2,3,4,4,9,13,13,22,26,34,34,34,47,47,49,64,78,81
9575,Neustadt a.d. Aisch-Bad Windsheim (Landkreis),Neustadt a.d. Aisch-Bad Windsheim ,0,3,3,3,3,3,4,4,4,4,4,4,4,4,6,6,7,10,10,20,22,25,40,42,43
9374,Neustadt a.d. Waldnaab (Landkreis),Neustadt a.d. Waldnaab ,0,0,0,0,0,0,0,1,1,1,1,1,1,1,2,2,3,16,27,30,33,62,72,99,148
7316,Neustadt an der Weinstraße (Kreisfreie Stadt),Neustadt an der Weinstraße ,0,0,0,0,0,1,1,1,1,1,4,4,5,5,7,8,8,10,10,11,40,40,42,45,45
9775,Neu-Ulm (Landkreis),Neu-Ulm ,2,2,2,2,2,2,2,2,3,8,8,9,10,10,17,19,34,47,58,58,72,80,94,100,121
7138,Neuwied (Landkreis),Neuwied ,0,0,0,0,1,1,1,2,2,8,10,10,14,36,36,52,61,61,73,87,91,107,112,123,123
3256,Nienburg (Weser) (Landkreis),Nienburg (Weser) ,0,0,0,0,0,0,0,0,2,2,2,2,5,6,6,8,15,15,17,19,21,22,22,24,26
1054,Nordfriesland (Kreis),Nordfriesland ,0,0,0,0,0,0,0,0,0,1,1,2,2,2,10,10,16,18,19,19,20,22,24,27,36
16062,Nordhausen (Landkreis),Nordhausen ,0,0,0,0,0,0,0,0,0,2,2,2,2,2,2,2,3,3,4,6,6,7,9,10,10
14730,Nordsachsen (Landkreis),Nordsachsen ,0,0,0,0,0,0,0,0,0,2,2,3,3,6,6,10,15,15,17,17,20,21,26,29,31
13074,Nordwestmecklenburg (Landkreis),Nordwestmecklenburg ,0,0,0,0,0,0,0,0,0,0,0,0,3,3,4,15,17,17,17,18,21,24,24,25,28
3155,Northeim (Landkreis),Northeim ,0,0,0,0,0,0,0,0,3,4,5,5,7,7,7,13,17,17,17,22,27,29,32,33,33
9564,Nürnberg (Kreisfreie Stadt),Nürnberg ,3,4,8,9,9,12,13,14,15,19,27,27,28,30,53,61,74,74,93,116,134,180,202,213,230
9574,Nürnberger Land (Landkreis),Nürnberger Land ,0,0,0,1,1,1,1,1,1,1,3,3,6,7,23,36,40,40,71,79,93,124,138,154,154
9780,Oberallgäu (Landkreis),Oberallgäu ,0,1,1,1,4,7,8,9,14,14,14,24,28,34,36,45,45,50,50,51,51,63,70,77,87
5374,Oberbergischer Kreis (Kreis),Oberbergischer Kreis ,2,2,5,5,5,6,6,10,14,14,26,26,33,50,51,69,78,100,100,101,124,141,163,180,203
5119,Oberhausen (Kreisfreie Stadt),Oberhausen ,0,0,0,0,0,0,0,1,3,8,10,10,12,13,18,26,35,35,36,37,38,44,48,61,63
12065,Oberhavel (Landkreis),Oberhavel ,1,1,1,1,1,1,1,1,1,1,1,4,4,5,13,23,29,37,37,37,50,54,65,76,85
12066,Oberspreewald-Lausitz (Landkreis),Oberspreewald-Lausitz ,0,0,0,0,0,1,1,2,2,2,2,2,5,5,5,5,6,6,11,11,11,13,13,14,16
6437,Odenwaldkreis (Landkreis),Odenwaldkreis ,0,0,0,0,0,0,0,0,0,0,2,2,2,7,8,13,16,17,23,24,24,31,46,47,58
12067,Oder-Spree (Landkreis),Oder-Spree ,0,0,0,0,0,0,0,1,2,4,7,7,11,14,23,32,37,42,46,46,49,51,60,69,73
6438,Offenbach (Landkreis),Offenbach ,0,0,0,0,0,1,1,1,7,8,8,19,19,23,35,50,65,73,76,86,95,112,122,131,160
6413,Offenbach am Main (Kreisfreie Stadt),Offenbach am Main ,0,0,0,0,0,0,1,1,1,1,1,1,5,5,5,5,6,6,9,11,13,15,18,19,22
3458,Oldenburg (Landkreis),Oldenburg ,0,1,1,1,1,1,1,1,4,4,4,4,4,8,9,12,15,16,16,16,25,33,45,56,60
3403,Oldenburg (Oldb) (Kreisfreie Stadt),Oldenburg (Oldb) ,1,1,1,2,2,2,6,6,6,11,11,11,18,25,26,30,31,31,31,49,61,74,76,91,91
5966,Olpe (Kreis),Olpe ,0,0,0,0,0,0,0,0,6,6,6,6,12,14,14,14,17,18,18,19,35,45,85,93,93
8317,Ortenaukreis (Landkreis),Ortenaukreis ,0,0,2,6,7,12,12,17,17,24,24,25,43,49,60,76,82,92,110,122,135,164,180,214,272
3404,Osnabrück (Kreisfreie Stadt),Osnabrück ,0,0,0,0,0,1,1,1,7,7,19,19,38,54,62,83,101,108,119,135,145,174,197,199,215
3459,Osnabrück (Landkreis),Osnabrück ,0,1,1,1,1,2,2,2,15,15,39,39,47,50,61,74,91,107,119,134,146,175,213,236,256
8136,Ostalbkreis (Landkreis),Ostalbkreis ,3,3,3,3,3,4,4,5,12,20,27,45,52,96,109,123,138,138,180,201,249,294,348,390,422
9777,Ostallgäu (Landkreis),Ostallgäu ,3,3,4,4,4,4,5,5,6,8,10,10,11,14,16,16,24,26,38,40,69,78,94,100,116
3356,Osterholz (Landkreis),Osterholz ,0,0,0,0,0,0,2,2,8,12,12,12,16,20,20,22,24,24,24,27,29,32,36,42,42
1055,Ostholstein (Kreis),Ostholstein ,0,0,0,0,0,0,1,1,1,1,2,2,4,4,4,7,11,12,13,13,17,18,22,23,23
12068,Ostprignitz-Ruppin (Landkreis),Ostprignitz-Ruppin ,0,0,0,0,0,0,0,0,0,0,0,0,0,0,1,6,6,7,7,7,7,9,9,11,23
5774,Paderborn (Kreis),Paderborn ,0,0,1,2,2,2,2,6,16,32,36,36,41,52,59,71,75,78,88,92,104,120,148,172,191
9262,Passau (Kreisfreie Stadt),Passau ,1,1,2,2,2,2,2,2,2,2,2,3,3,3,4,5,6,7,7,16,16,22,24,27,37
9275,Passau (Landkreis),Passau ,1,1,1,1,1,3,3,3,5,5,7,15,15,15,19,22,23,30,30,39,47,47,73,93,112
3157,Peine (Landkreis),Peine ,0,0,0,0,0,0,0,0,0,0,2,2,2,8,8,11,15,20,21,21,25,31,40,40,54
9186,Pfaffenhofen a.d. Ilm (Landkreis),Pfaffenhofen a.d. Ilm ,0,0,0,0,1,1,2,3,7,7,7,7,10,11,16,19,22,30,32,32,32,40,54,56,74
8231,Pforzheim (Stadtkreis),Pforzheim ,0,0,0,0,0,0,0,3,4,4,4,6,6,7,7,11,19,19,21,22,23,23,25,25,29
1056,Pinneberg (Kreis),Pinneberg ,1,1,2,2,2,2,4,4,5,5,18,24,24,27,54,60,76,76,88,92,115,122,155,178,178
7317,Pirmasens (Kreisfreie Stadt),Pirmasens ,0,0,0,0,0,0,0,0,0,0,0,0,0,0,0,1,1,5,7,7,7,11,12,12,12
1057,Plön (Kreis),Plön ,0,0,0,0,0,2,2,2,2,2,2,6,6,6,8,10,11,12,12,21,23,31,38,45,50
12054,Potsdam (Kreisfreie Stadt),Potsdam ,0,0,0,0,0,0,0,0,0,0,1,1,7,13,17,30,37,48,49,52,56,63,79,87,108
12069,Potsdam-Mittelmark (Landkreis),Potsdam-Mittelmark ,0,0,0,0,0,0,0,2,3,4,4,7,7,8,14,20,28,32,35,38,40,54,65,88,93
12070,Prignitz (Landkreis),Prignitz ,0,0,0,0,0,0,0,0,0,0,0,0,0,0,1,1,1,1,1,1,6,6,6,9,9
8216,Rastatt (Landkreis),Rastatt ,0,0,0,2,3,3,4,4,13,16,16,26,36,39,58,69,83,96,110,149,158,182,196,230,249
8436,Ravensburg (Landkreis),Ravensburg ,0,1,2,2,3,3,6,8,11,18,18,50,50,70,93,102,110,110,134,137,202,274,296,320,334
5562,Recklinghausen (Kreis),Recklinghausen ,0,1,1,1,1,1,2,9,19,37,46,51,51,63,70,96,125,143,149,162,195,222,264,304,312
9276,Regen (Landkreis),Regen ,0,0,0,0,0,0,0,0,0,3,6,6,18,18,20,20,23,24,25,25,25,34,39,40,40
9362,Regensburg (Kreisfreie Stadt),Regensburg ,0,0,0,0,0,0,0,0,0,2,7,7,7,17,38,62,74,74,82,90,98,105,124,133,146
9375,Regensburg (Landkreis),Regensburg ,0,0,0,1,1,4,4,7,7,7,12,14,14,19,27,56,67,67,76,85,87,94,107,121,132
3241,Region Hannover (Landkreis),Region Hannover ,2,3,3,3,4,7,11,17,25,59,60,60,121,138,173,238,304,310,341,368,428,510,588,661,692
10041,Regionalverband Saarbrücken (Landkreis),Regionalverband Saarbrücken ,1,1,1,1,1,1,1,5,8,10,10,20,27,27,63,86,102,114,121,147,163,169,190,211,250
5120,Remscheid (Kreisfreie Stadt),Remscheid ,0,0,0,4,4,4,4,4,5,7,7,8,8,14,15,19,21,21,23,33,34,38,41,45,54
8119,Rems-Murr-Kreis (Landkreis),Rems-Murr-Kreis ,2,2,4,4,5,5,6,6,22,26,26,42,49,54,68,110,117,133,175,202,211,240,286,353,374
1058,Rendsburg-Eckernförde (Kreis),Rendsburg-Eckernförde ,0,0,0,0,0,0,0,1,1,1,8,8,12,13,16,21,24,30,33,37,46,56,73,89,100
8415,Reutlingen (Landkreis),Reutlingen ,0,0,0,0,0,0,1,5,11,13,19,30,34,43,49,71,96,96,96,127,152,172,206,235,249
5362,Rhein-Erft-Kreis (Kreis),Rhein-Erft-Kreis ,1,2,2,2,2,2,3,6,12,13,22,52,63,89,104,113,149,160,182,199,240,253,267,276,305
6439,Rheingau-Taunus-Kreis (Landkreis),Rheingau-Taunus-Kreis ,0,0,0,0,0,2,2,2,5,16,23,24,24,25,27,31,31,31,31,51,59,59,89,89,89
7140,Rhein-Hunsrück-Kreis (Landkreis),Rhein-Hunsrück-Kreis ,0,0,0,0,0,0,0,1,4,6,7,14,26,28,33,39,46,46,47,55,64,68,72,79,89
5378,Rheinisch-Bergischer Kreis (Kreis),Rheinisch-Bergischer Kreis ,3,3,3,3,3,8,11,12,18,30,30,30,52,60,69,81,95,95,95,135,141,152,163,171,187
5162,Rhein-Kreis Neuss (Kreis),Rhein-Kreis Neuss ,1,1,2,2,2,2,2,5,8,19,19,19,44,50,50,60,86,112,133,179,220,220,245,257,282
7141,Rhein-Lahn-Kreis (Landkreis),Rhein-Lahn-Kreis ,0,0,0,0,0,0,0,0,4,5,6,6,7,15,26,27,33,34,37,48,50,54,64,70,80
8226,Rhein-Neckar-Kreis (Landkreis),Rhein-Neckar-Kreis ,2,3,4,7,10,13,14,19,28,33,52,70,77,109,127,154,182,240,276,276,330,371,413,460,489
7338,Rhein-Pfalz-Kreis (Landkreis),Rhein-Pfalz-Kreis ,0,0,0,0,0,0,0,1,1,1,1,1,1,3,5,7,10,10,10,27,39,44,57,67,67
5382,Rhein-Sieg-Kreis (Kreis),Rhein-Sieg-Kreis ,0,0,2,2,2,7,12,19,24,32,32,77,77,111,158,228,260,260,262,336,356,417,460,490,490
9673,Rhön-Grabfeld (Landkreis),Rhön-Grabfeld ,0,0,0,0,0,0,0,0,0,0,1,1,1,3,3,11,11,11,13,18,21,23,29,37,38
9163,Rosenheim (Kreisfreie Stadt),Rosenheim ,1,1,1,1,2,2,2,2,2,2,2,2,2,4,10,15,18,33,43,48,49,53,88,94,111
9187,Rosenheim (Landkreis),Rosenheim ,0,0,0,0,0,3,3,7,13,16,17,27,31,45,68,75,84,144,225,231,258,384,500,630,623
13003,Rostock (Kreisfreie Stadt),Rostock ,0,0,0,0,0,0,2,2,4,6,8,10,11,16,23,23,23,25,27,29,29,34,38,48,53
13072,Rostock (Landkreis),Rostock ,0,0,0,0,0,2,3,3,6,8,10,11,11,13,13,13,17,17,17,18,20,24,24,25,26
3357,Rotenburg (Wümme) (Landkreis),Rotenburg (Wümme) ,2,2,2,2,2,2,3,5,5,5,7,7,18,18,19,22,25,30,34,34,36,38,42,49,50
9576,Roth (Landkreis),Roth ,1,2,2,2,2,2,2,2,3,3,3,4,5,5,7,8,12,12,14,21,25,27,47,60,69
9277,Rottal-Inn (Landkreis),Rottal-Inn ,0,0,0,0,0,0,1,2,7,7,10,14,17,30,36,46,55,59,75,87,110,144,160,180,192
8325,Rottweil (Landkreis),Rottweil ,1,1,1,1,1,1,1,1,1,2,3,4,4,5,5,5,8,8,8,17,17,50,86,98,108
16074,Saale-Holzland-Kreis (Landkreis),Saale-Holzland-Kreis ,0,0,0,0,0,0,1,1,3,3,3,3,3,4,5,10,14,14,17,17,18,19,20,21,22
15088,Saalekreis (Landkreis),Saalekreis ,0,0,0,0,0,0,1,1,1,1,1,1,3,3,6,12,15,19,22,23,32,41,46,50,56
16075,Saale-Orla-Kreis (Landkreis),Saale-Orla-Kreis ,1,1,1,1,1,3,3,3,3,3,3,3,3,3,4,5,6,7,7,9,9,9,10,27,27
16073,Saalfeld-Rudolstadt (Landkreis),Saalfeld-Rudolstadt ,0,0,0,0,0,0,0,0,0,5,5,5,5,5,5,8,12,12,17,17,17,20,25,33,33
10044,Saarlouis (Landkreis),Saarlouis ,0,0,0,0,0,0,1,1,2,5,5,10,17,24,26,37,39,46,46,57,58,62,78,96,97
10045,Saarpfalz-Kreis (Landkreis),Saarpfalz-Kreis ,0,0,1,3,3,3,3,3,3,4,4,14,17,17,28,35,40,43,56,76,87,94,102,115,115
14628,Sächsische Schweiz-Osterzgebirge (Landkreis),Sächsische Schweiz-Osterzgebirge ,1,1,1,1,1,1,2,2,6,8,11,11,11,14,20,27,35,41,64,73,82,83,105,112,142
3102,Salzgitter (Kreisfreie Stadt),Salzgitter ,0,0,0,0,0,0,0,0,1,1,2,2,2,3,5,10,18,23,25,26,30,34,41,44,45
15089,Salzlandkreis (Landkreis),Salzlandkreis ,0,0,0,0,0,0,1,3,6,7,7,7,8,8,8,11,18,18,18,21,27,33,37,37,37
3257,Schaumburg (Landkreis),Schaumburg ,0,0,0,0,0,0,0,0,1,2,2,2,4,5,12,19,23,27,29,32,32,38,44,48,53
1059,Schleswig-Flensburg (Kreis),Schleswig-Flensburg ,0,0,0,0,0,0,0,1,2,5,5,11,16,17,21,22,23,24,27,27,34,34,38,48,62
16066,Schmalkalden-Meiningen (Landkreis),Schmalkalden-Meiningen ,0,0,0,0,0,0,0,0,1,2,2,2,2,3,5,5,9,13,15,15,15,19,21,25,27
9565,Schwabach (Kreisfreie Stadt),Schwabach ,1,1,1,1,1,1,1,1,1,1,1,1,2,5,6,6,8,8,8,8,9,12,16,17,18
8127,Schwäbisch Hall (Landkreis),Schwäbisch Hall ,0,0,0,0,0,1,1,1,15,22,22,22,35,48,62,62,98,98,111,145,201,201,311,347,347
6634,Schwalm-Eder-Kreis (Landkreis),Schwalm-Eder-Kreis ,0,0,0,0,0,0,0,0,1,6,17,25,26,34,54,62,66,71,71,77,82,89,109,131,149
9376,Schwandorf (Landkreis),Schwandorf ,0,0,0,0,1,1,1,2,5,7,7,7,12,15,17,23,24,32,39,43,57,68,74,76,92
8326,Schwarzwald-Baar-Kreis (Landkreis),Schwarzwald-Baar-Kreis ,0,0,0,1,1,1,1,2,4,7,7,16,16,27,29,40,43,67,76,80,103,123,133,153,170
9662,Schweinfurt (Kreisfreie Stadt),Schweinfurt ,0,0,0,0,0,0,0,0,0,1,1,3,4,8,9,9,12,13,13,13,13,13,13,19,19
9678,Schweinfurt (Landkreis),Schweinfurt ,0,0,0,0,0,0,0,0,0,4,4,6,10,16,18,18,27,35,37,45,50,60,80,79,92
13004,Schwerin (Kreisfreie Stadt),Schwerin ,0,0,0,0,0,0,0,1,1,4,7,7,9,10,19,29,33,38,38,38,46,47,53,56,60
1060,Segeberg (Kreis),Segeberg ,1,2,2,2,2,2,2,2,4,4,4,6,7,14,18,19,27,29,30,34,43,48,55,63,72
5970,Siegen-Wittgenstein (Kreis),Siegen-Wittgenstein ,0,0,0,0,0,0,1,1,10,14,14,14,21,26,29,29,39,39,47,50,58,68,80,97,97
8437,Sigmaringen (Landkreis),Sigmaringen ,1,1,1,1,1,1,3,3,4,6,9,12,28,37,48,58,74,89,90,104,128,163,207,262,302
5974,Soest (Kreis),Soest ,0,0,0,0,0,0,0,1,7,10,17,17,25,35,49,55,62,73,89,93,110,121,141,156,170
5122,Solingen (Kreisfreie Stadt),Solingen ,0,0,0,0,0,0,4,4,5,6,6,19,24,32,33,35,38,38,38,51,60,71,71,71,81
16068,Sömmerda (Landkreis),Sömmerda ,0,0,0,0,0,0,0,0,0,0,0,0,0,0,0,1,2,3,4,6,8,10,14,20,22
16072,Sonneberg (Landkreis),Sonneberg ,0,0,0,0,0,0,0,0,0,0,0,0,0,0,0,0,3,5,5,6,9,11,13,16,20
7318,Speyer (Kreisfreie Stadt),Speyer ,0,0,0,0,0,0,0,0,0,1,2,2,2,4,5,8,9,9,9,13,17,17,20,22,22
12071,Spree-Neiße (Landkreis),Spree-Neiße ,0,0,0,0,0,1,2,4,4,5,10,10,10,13,20,23,23,23,23,29,29,31,35,40,40
10046,St. Wendel (Landkreis),St. Wendel ,0,0,0,0,0,0,0,0,8,8,12,15,17,17,22,32,38,45,50,51,57,62,69,73,81
3359,Stade (Landkreis),Stade ,0,1,1,2,6,11,11,13,14,17,21,21,24,28,33,37,43,58,58,66,73,80,92,103,105
5334,Städteregion Aachen (Kreis),Städteregion Aachen ,24,33,41,51,51,58,61,63,70,85,100,155,169,211,273,334,405,443,516,530,540,618,694,746,787
9188,Starnberg (Landkreis),Starnberg ,11,12,12,13,14,14,18,20,28,35,35,42,47,50,50,62,69,83,97,110,153,210,223,233,262
1061,Steinburg (Kreis),Steinburg ,0,0,0,0,0,0,0,0,0,2,2,4,4,4,4,8,8,13,13,13,20,21,23,28,36
5566,Steinfurt (Kreis),Steinfurt ,0,0,0,0,0,2,5,11,26,37,49,64,82,95,124,151,167,191,201,222,244,269,292,338,362
15090,Stendal (Landkreis),Stendal ,0,0,0,0,0,0,0,0,0,0,0,1,1,5,5,7,10,10,10,17,17,21,24,33,39
1062,Stormarn (Kreis),Stormarn ,1,1,1,1,1,1,1,1,1,1,1,1,8,8,17,21,29,43,52,60,68,79,88,95,113
9263,Straubing (Kreisfreie Stadt),Straubing ,0,0,0,0,0,0,0,0,0,2,3,5,6,8,14,14,29,29,30,40,44,49,58,66,77
9278,Straubing-Bogen (Landkreis),Straubing-Bogen ,0,0,0,0,0,0,1,1,2,2,2,3,4,4,13,14,29,38,43,43,46,57,58,67,81
8111,Stuttgart (Stadtkreis),Stuttgart ,2,3,4,8,9,10,19,27,35,55,80,150,284,284,284,324,341,341,430,441,451,504,565,635,685
7337,Südliche Weinstraße (Landkreis),Südliche Weinstraße ,0,0,0,0,0,0,0,1,1,1,1,1,9,19,21,28,28,33,34,34,39,39,47,60,66
7340,Südwestpfalz (Landkreis),Südwestpfalz ,0,0,0,0,0,0,0,0,0,0,0,0,1,3,3,6,11,12,16,17,20,24,30,33,38
16054,Suhl (Kreisfreie Stadt),Suhl ,0,0,0,0,0,0,0,0,0,0,1,1,1,1,1,1,1,4,4,4,4,5,5,5,5
12072,Teltow-Fläming (Landkreis),Teltow-Fläming ,0,0,0,0,0,1,1,1,1,2,2,6,6,10,11,12,13,20,23,23,23,27,38,40,42
9377,Tirschenreuth (Landkreis),Tirschenreuth ,0,0,0,0,0,0,0,1,3,5,10,17,30,40,47,47,77,77,182,182,202,236,259,323,397
9189,Traunstein (Landkreis),Traunstein ,3,3,3,3,3,4,4,4,8,8,8,10,13,13,19,20,34,50,63,80,86,120,145,158,199
7211,Trier (Kreisfreie Stadt),Trier ,0,0,0,0,0,0,0,0,0,3,3,6,7,10,10,12,13,14,16,20,26,26,29,34,47
7235,Trier-Saarburg (Landkreis),Trier-Saarburg ,0,0,0,0,0,0,0,0,0,0,0,8,8,12,15,19,20,28,31,33,39,40,45,49,57
8416,Tübingen (Landkreis),Tübingen ,2,2,2,2,2,3,5,5,16,35,43,70,80,101,113,126,144,144,144,191,300,479,524,591,650
8327,Tuttlingen (Landkreis),Tuttlingen ,0,0,0,0,0,0,0,0,0,3,4,5,5,7,7,10,13,13,15,15,32,40,74,85,111
12073,Uckermark (Landkreis),Uckermark ,0,0,0,0,0,0,0,0,0,0,0,0,0,0,1,4,4,4,4,4,5,5,5,8,9
3360,Uelzen (Landkreis),Uelzen ,0,0,0,0,0,0,0,1,1,1,1,1,1,1,3,3,5,7,7,11,12,15,16,19,23
8421,Ulm (Stadtkreis),Ulm ,4,4,4,4,4,5,6,6,6,9,9,12,13,19,33,46,50,50,60,62,78,94,100,105,105
5978,Unna (Kreis),Unna ,1,1,1,1,1,1,4,6,14,15,17,19,20,25,51,61,83,93,98,108,124,146,162,171,185
16064,Unstrut-Hainich-Kreis (Landkreis),Unstrut-Hainich-Kreis ,0,0,0,0,0,0,0,0,0,0,0,0,1,2,2,5,5,5,5,6,7,8,10,10,10
9778,Unterallgäu (Landkreis),Unterallgäu ,0,0,0,0,0,0,0,0,5,5,10,15,18,18,19,19,31,42,48,56,59,60,87,99,113
3460,Vechta (Landkreis),Vechta ,0,0,0,0,0,0,0,0,2,2,3,3,6,6,17,22,33,47,54,59,63,92,94,115,128
3361,Verden (Landkreis),Verden ,0,0,0,0,0,0,2,3,5,8,8,8,12,14,20,23,24,26,27,33,37,37,43,48,50
5166,Viersen (Kreis),Viersen ,2,3,4,5,5,5,6,6,6,17,27,37,40,46,58,70,123,153,158,168,174,199,227,248,249
6535,Vogelsbergkreis (Landkreis),Vogelsbergkreis ,0,0,0,0,0,1,1,2,2,2,3,4,4,4,9,15,17,17,26,30,31,38,41,45,51
14523,Vogtlandkreis (Landkreis),Vogtlandkreis ,0,0,0,0,0,0,0,0,0,0,0,1,2,2,5,7,10,16,16,30,36,47,62,80,93
13075,Vorpommern-Greifswald (Landkreis),Vorpommern-Greifswald ,2,2,2,2,2,2,2,2,2,4,4,5,5,9,13,20,24,26,26,30,31,32,37,46,55
13073,Vorpommern-Rügen (Landkreis),Vorpommern-Rügen ,1,2,2,2,2,2,2,3,4,4,4,5,6,6,9,10,12,15,15,15,17,18,23,33,33
7233,Vulkaneifel (Landkreis),Vulkaneifel ,0,0,0,0,0,0,0,2,3,3,3,3,10,11,17,20,28,28,29,30,31,32,35,39,39
6635,Waldeck-Frankenberg (Landkreis),Waldeck-Frankenberg ,0,0,0,0,0,1,1,3,4,4,5,8,8,8,18,21,25,28,28,28,34,36,42,47,55
8337,Waldshut (Landkreis),Waldshut ,0,0,0,0,0,0,0,0,2,4,5,6,6,8,17,20,28,32,36,53,60,61,70,73,89
5570,Warendorf (Kreis),Warendorf ,0,0,0,0,0,1,4,5,11,27,42,57,65,84,108,138,181,207,207,207,217,244,254,279,287
16063,Wartburgkreis (Landkreis),Wartburgkreis ,0,0,0,0,0,0,0,0,0,0,0,2,3,5,5,5,10,12,13,13,14,15,15,15,17
9363,Weiden i.d. OPf. (Kreisfreie Stadt),Weiden i.d. OPf. ,0,0,0,0,0,0,0,0,3,4,7,7,7,7,7,7,7,7,20,20,22,31,40,47,55
9190,Weilheim-Schongau (Landkreis),Weilheim-Schongau ,0,1,1,3,3,3,3,3,8,8,11,19,19,26,27,44,56,74,84,93,104,115,136,154,177
16055,Weimar (Kreisfreie Stadt),Weimar ,0,0,0,0,0,0,1,1,1,1,2,2,2,2,6,11,11,11,11,14,16,20,22,24,27
16071,Weimarer Land (Landkreis),Weimarer Land ,0,0,0,0,0,0,0,0,0,0,1,1,1,1,2,4,5,9,9,12,12,15,15,17,18
9577,Weißenburg-Gunzenhausen (Landkreis),Weißenburg-Gunzenhausen ,0,0,0,0,0,0,0,0,0,2,2,2,2,2,5,7,8,12,20,24,33,44,51,74,82
6636,Werra-Meißner-Kreis (Landkreis),Werra-Meißner-Kreis ,0,0,0,0,0,0,0,0,0,0,0,0,1,1,1,1,2,5,5,5,9,13,14,14,21
5170,Wesel (Kreis),Wesel ,1,1,1,1,1,1,1,4,15,26,27,27,49,72,85,99,124,124,124,146,164,176,192,208,217
3461,Wesermarsch (Landkreis),Wesermarsch ,0,0,0,0,0,0,0,0,0,0,0,0,0,0,4,4,5,5,9,11,13,20,26,32,38
7143,Westerwaldkreis (Landkreis),Westerwaldkreis ,0,0,0,0,0,0,0,0,1,2,5,5,36,53,54,54,78,83,88,99,103,106,115,130,137
6440,Wetteraukreis (Landkreis),Wetteraukreis ,0,0,0,0,0,0,0,0,1,1,2,8,8,15,15,26,26,38,38,41,41,54,66,75,84
6414,Wiesbaden (Kreisfreie Stadt),Wiesbaden ,0,0,0,0,0,1,1,1,6,7,7,7,19,22,22,48,59,59,94,94,101,111,127,148,148
3405,Wilhelmshaven (Kreisfreie Stadt),Wilhelmshaven ,0,0,0,0,0,0,2,2,2,2,2,2,3,3,5,5,5,5,5,5,6,6,6,6,6
15091,Wittenberg (Landkreis),Wittenberg ,0,0,0,0,0,0,0,1,2,2,2,2,2,3,7,11,15,19,24,36,38,53,60,62,66
3462,Wittmund (Landkreis),Wittmund ,0,0,0,0,0,0,0,1,1,1,1,1,3,3,3,4,4,4,4,6,6,8,10,14,16
3158,Wolfenbüttel (Landkreis),Wolfenbüttel ,0,0,0,0,0,0,0,0,0,0,0,0,0,1,2,3,6,6,6,7,11,20,26,29,32
3103,Wolfsburg (Kreisfreie Stadt),Wolfsburg ,0,0,0,0,0,0,0,0,0,2,3,3,3,4,8,10,14,16,20,28,31,40,51,98,122
7319,Worms (Kreisfreie Stadt),Worms ,0,0,0,0,0,0,0,0,0,1,1,2,2,14,16,22,22,30,30,37,47,50,55,59,67
9479,Wunsiedel i. Fichtelgebirge (Landkreis),Wunsiedel i. Fichtelgebirge ,0,0,0,0,0,0,0,0,0,0,0,1,2,14,16,16,16,41,53,62,73,88,115,115,159
5124,Wuppertal (Kreisfreie Stadt),Wuppertal ,0,0,0,0,0,0,0,0,4,6,10,16,20,31,50,61,74,74,74,109,117,138,162,172,185
9663,Würzburg (Kreisfreie Stadt),Würzburg ,2,2,2,4,4,6,6,7,12,16,27,30,35,40,41,42,66,85,87,88,104,117,128,204,217
9679,Würzburg (Landkreis),Würzburg ,0,0,3,3,3,9,9,10,16,19,32,36,41,47,60,70,100,100,130,149,167,180,215,172,211
8417,Zollernalbkreis (Landkreis),Zollernalbkreis ,2,10,11,11,11,11,15,19,21,21,21,21,33,51,60,70,76,76,76,151,162,219,256,271,336
7320,Zweibrücken (Kreisfreie Stadt),Zweibrücken ,0,0,0,0,0,0,0,0,0,0,0,0,0,0,0,0,2,3,3,3,4,4,5,9,9
14524,Zwickau (Landkreis),Zwickau ,0,0,0,0,0,0,0,0,0,1,4,4,14,23,37,50,110,172,172,175,184,221,244,267,286
